{
  "tfidf": {
    "max_features": 50000,
    "ngram_range": [
      1,
      3
    ],
    "sublinear_tf": true,
    "min_df": 2
  },
  "nb": {
    "alpha": 0.1
  },
  "softmax": {
    "lr": 0.001,
    "epochs": 100
  },
  "lr": {
    "lr": 0.01,
    "epochs": 100
  },
  "svm": {
    "lambda_param": 0.1,
    "epochs": 100
  },
  "cv_scores": {
    "nb": 0.6620823229037583,
    "softmax": 0.6940137423085768,
    "lr": 0.6550363448900604,
    "svm": 0.6326796432320904
  }
}